,Device,Score,Unnamed: 2
0,NVIDIA GeForce RTX 4090,327987,
1,NVIDIA RTX 6000 Ada Generation,316355,
2,NVIDIA GeForce RTX 4080,246480,
3,NVIDIA A100 80GB PCIe,214586,
4,GeForce RTX 3080 Ti,209081,
5,NVIDIA GeForce RTX 4070 Ti,209022,
6,NVIDIA A100-PCIE-80GB,207124,
7,NVIDIA GeForce RTX 3090 Ti,202510,
8,RTX A6000,200330,
9,AMD Radeon RX 7900 XTX,199661,
10,NVIDIA GeForce RTX 3090,196865,
11,GRID A100-7-40C MIG 7g.40gb,196825,
12,NVIDIA RTX A6000,195760,
13,NVIDIA A40,193898,
14,NVIDIA GeForce RTX 3080 Ti,193301,
15,GeForce RTX 3090,192499,
16,A100-SXM4-40GB,190489,
17,NVIDIA GeForce RTX 4090 Laptop GPU,183044,
18,NVIDIA GeForce RTX 3080,175935,
19,AMD Radeon RX 7900 XT,175830,
20,AMD Radeon RX 6950 XT,171780,
21,Quadro GV100,169883,
22,Tesla V100-SXM2-32GB,169214,
23,RTX A5000,166307,
24,GeForce RTX 3080,165180,
25,NVIDIA GeForce RTX 4080 Laptop GPU,162804,
26,A100-PCIE-40GB,161590,
27,NVIDIA RTX A5000,160950,
28,AMD Radeon RX 6900 XT,160019,
29,RX 6800 XT,158867,
30,A40-12Q,156643,
31,RX6800 XT,155147,
32,GRID V100S-32Q,154397,
33,Tesla V100-PCIE-16GB,151180,
34,A40,149033,
35,AMD Radeon RX 6800 XT,148486,
36,NVIDIA GeForce RTX 2080 Ti,146589,
37,Quadro RTX 6000,144187,
38,NVIDIA RTX A4500,143740,
39,Navi 21 [Radeon RX 6800/6800 XT / 6900 XT],143171,
40,AMD Radeon Pro W6900X,141178,
41,NVIDIA GeForce RTX 3070 Ti,139516,
42,GeForce RTX 2080 Ti,139184,
43,TITAN V,136749,
44,GRID V100D-4Q,136323,
45,Device 73bf,134606,
46,NVIDIA RTX A5500 Laptop GPU,133548,
47,GRID RTX6000-2Q,133165,
48,Tesla V100-SXM2-32GB-LS,131696,
49,NVIDIA GeForce RTX 3070,127863,
50,AMD Radeon RX 6800,125680,
51,GeForce RTX 3070,125679,
52,NVIDIA Quadro RTX 8000,125554,
53,AMD Radeon Navi21 Compute Engine,124566,
54,NVIDIA RTX A4000,123467,
55,RTX A5000 Laptop GPU,122155,
56,NVIDIA GeForce RTX 3080 Ti Laptop GPU,121487,
57,NVIDIA GeForce RTX 2080 SUPER,120551,
58,GRID RTX8000P-6Q,119079,
59,GeForce RTX 2080 SUPER,118899,
60,NVIDIA RTX A5000 Laptop GPU,115385,
61,AMD Radeon PRO W6900X Compute Engine,115327,
62,NVIDIA GeForce RTX 2080,113054,
63,Quadro RTX 5000,112834,
64,NVIDIA GeForce RTX 3060 Ti,112236,
65,NVIDIA GeForce RTX 3080 Laptop GPU,111954,
66,Intel(R) Graphics [0x56a0],111352,
67,GRID RTX6000P-24Q,109662,
68,AMD Radeon RX 6950 XT Compute Engine,108737,
69,Intel(R) Arc(TM) A770 Graphics,107571,
70,NVIDIA GeForce RTX 3070 Ti Laptop GPU,107405,
71,NVIDIA Quadro RTX 5000,105171,
72,AMD Radeon RX 6750 XT,104778,
73,NVIDIA GeForce RTX 3070 Laptop GPU,104203,
74,GeForce RTX 3060 Ti,104103,
75,NVIDIA GeForce RTX 2070 SUPER,104094,
76,RTX A4000 Laptop GPU,102133,
77,NVIDIA RTX A4000 Laptop GPU,101983,
78,GeForce RTX 2070 SUPER,99904,
79,NVIDIA GeForce RTX 2080 with Max-Q Design,99236,
80,AMD Radeon PRO W6800X Compute Engine,97301,
81,Intel(R) Arc(TM) A750 Graphics,96443,
82,Vega 20 [Radeon VII],96073,
83,AMD Radeon RX 6700 XT,96051,
84,AMD Radeon(TM) RX 6850M XT,95558,
85,AMD Radeon RX 6900 XT Compute Engine,94003,
86,Navi 22 [Radeon RX 6700/6700 XT / 6800M],93993,
87,Apple M1 Ultra,93216,
88,AMD Radeon RX 6800 XT Compute Engine,93046,
89,AMD Radeon PRO W6800X Duo Compute Engine,92502,
90,NVIDIA GeForce RTX 2080 Super with Max-Q Design,92168,
91,GeForce RTX 2070,91753,
92,NVIDIA Quadro RTX 5000 with Max-Q Design,91343,
93,AMD Radeon VII,91292,
94,AMD Radeon RX 6850M XT,91193,
95,NVIDIA GeForce RTX 2070,90734,
96,NVIDIA GeForce RTX 4060 Laptop GPU,90530,
97,NVIDIA GeForce RTX 2060 SUPER,90521,
98,NVIDIA GeForce RTX 4070 Laptop GPU,89705,
99,AMD Radeon RX 6700,89488,
100,NVIDIA GeForce RTX 3060,89252,
101,NVIDIA GeForce RTX 2070 Super with Max-Q Design,88180,
102,RTX A3000 Laptop GPU,87942,
103,AMD Radeon RX 6800M,87410,
104,AMD Radeon Pro Vega II,86528,
105,NVIDIA Quadro RTX 4000,85184,
106,NVIDIA RTX A3000 12GB Laptop GPU,85175,
107,AMD Radeon RX 6650 XT,84406,
108,Quadro RTX 4000,84174,
109,NVIDIA GeForce RTX 3060 Laptop GPU,84121,
110,Intel(R) Arc(TM) A770M Graphics,83316,
111,NVIDIA RTX A3000 Laptop GPU,82869,
112,ATI Radeon Pro Vega II Compute Engine,81785,
113,AMD Radeon RX 6600 XT,81711,
114,ATI Radeon Pro Vega II Duo Compute Engine,81498,
115,GeForce RTX 3060 Laptop GPU,81354,
116,AMD Radeon Unknown Prototype Compute Engine,81119,
117,AMD Radeon Pro VII Compute Engine,80653,
118,NVIDIA GeForce RTX 2070 with Max-Q Design,80061,
119,Apple M2 Max,79881,
120,GRID RTX6000P-8Q,79528,
121,AMD Radeon Pro W5700X,79434,
122,Radeon RX Vega,79324,
123,Tesla P100-PCIE-16GB,79155,
124,AMD Radeon Pro Vega II Compute Engine,79075,
125,GRID A100-2-10C MIG 2g.10gb,78806,
126,AMD Radeon RX 6800 Compute Engine,78661,
127,GeForce RTX 2070 with Max-Q Design,77608,
128,AMD Radeon Pro Vega II Duo Compute Engine,77518,
129,AMD Radeon RX 5700 XT,77392,
130,Tesla P100-SXM2-16GB,76222,
131,NVIDIA GeForce RTX 2060,75779,
132,AMD Radeon RX 5700 XT 50th Anniversary,74837,
133,Tesla T4,74341,
134,AMD Radeon RX 6800S,74328,
135,AMD Radeon RX 6700M,74196,
136,NVIDIA Quadro RTX 6000,74179,
137,NVIDIA RTX A2000 12GB,73222,
138,NVIDIA RTX A2000,72927,
139,AMD Radeon Pro RX6600XT Compute Engine,71327,
140,AMD Radeon RX 6600,70938,
141,Radeon (TM) Pro WX 9100,70558,
142,GeForce RTX 2060,70258,
143,Radeon (TM) PRO WX 8200,69116,
144,NVIDIA Quadro RTX 3000 with Max-Q Design,68305,
145,Radeon RX 5700,68269,
146,GRID T4-16C,67838,
147,AMD Radeon RX 5700,67697,
148,NVIDIA GeForce GTX 1660 Ti,66885,
149,AMD Radeon PRO W6800 Compute Engine,66599,
150,NVIDIA TITAN Xp COLLECTORS EDITION,66294,
151,ATI Radeon Pro Vega 64X Compute Engine,66033,
152,NVIDIA GeForce RTX 3050,65725,
153,GeForce GTX 1660 Ti,65544,
154,TITAN Xp COLLECTORS EDITION,65520,
155,AMD Radeon RX 5600 XT,65504,
156,NVIDIA GeForce RTX 4050 Laptop GPU,65239,
157,Radeon (TM) Pro WX 9100 Graphics,65210,
158,Apple M1 Max,64671,
159,AMD Radeon 5700XT Compute Engine,64666,
160,NVIDIA GeForce GTX 1660 SUPER,64154,
161,AMD Radeon RX5700xt Compute Engine,63708,
162,Quadro RTX 4000 with Max-Q Design,63673,
163,NVIDIA GeForce RTX 2060 with Max-Q Design,63591,
164,AMD Radeon RX 6700S,63378,
165,AMD Radeon RX 6600 XT Compute Engine,62675,
166,NVIDIA GeForce RTX 3050 OEM,62418,
167,ATI Radeon Pro Vega 64 Compute Engine,61980,
168,GRID T4-4Q,61943,
169,AMD Radeon RX 6600M,61894,
170,Quadro RTX 3000,61818,
171,NVIDIA Tesla T4,61276,
172,AMD Radeon Pro W5700X Compute Engine,60860,
173,GeForce GTX 1660 SUPER,60844,
174,Vega 10 XL/XT [Radeon RX Vega 56/64],60605,
175,Quadro RTX 3000 with Max-Q Design,59886,
176,GRID T4-8Q,59749,
177,Fiji [Radeon R9 FURY / NANO Series],59624,
178,NVIDIA GeForce GTX 1660,59452,
179,ATI Radeon HD Vega10 XT Prototype Compute Engine,58926,
180,TITAN X (Pascal),58866,
181,GeForce GTX 1660,58746,
182,AMD Radeon Navi23 Compute Engine,58725,
183,Navi 10 [Radeon RX 5600 OEM/5600 XT / 5700/5700 XT],58558,
184,ATI Radeon Pro W5700X Compute Engine,58479,
185,NVIDIA RTX A2000 8GB Laptop GPU,58359,
186,AMD Radeon PRO W6600X Compute Engine,58308,
187,GRID T4-16Q,58147,
188,GeForce GTX 1660 Ti with Max-Q Design,58146,
189,GRID T4-4C,57969,
190,AMD Radeon RX 5700 XT Compute Engine,57813,
191,AMD Radeon RX 5600M,57751,
192,Graphics Device,57310,
193,AMD Radeon (TM) Pro VII,57186,
194,NVIDIA GeForce RTX 3050 Ti Laptop GPU,57115,
195,AMD Radeon Pro Vega 64X Compute Engine,56449,
196,ATI Radeon Pro Vega 56 Compute Engine,55927,
197,NVIDIA RTX A2000 Laptop GPU,55837,
198,NVIDIA GeForce GTX 1660 Ti with Max-Q Design,55670,
199,NVIDIA GeForce GTX 1650 SUPER,54889,
200,AMD Radeon (TM) R9 Fury Series,54766,
201,AMD Radeon PRO W6600 Compute Engine,54244,
202,AMD Radeon RX 5700XT Compute Engine,53692,
203,ATI Radeon RX Vega10 Unknown Prototype Compute Engine,53388,
204,AMD Radeon Pro 5700 XT Compute Engine,53380,
205,AMD Radeon RX Vega 64 Compute Engine,53314,
206,AMD Radeon Vega Frontier Edition Compute Engine,53287,
207,ATI Radeon Pro 5700X Compute Engine,53286,
208,NVIDIA TITAN X (Pascal),53240,
209,AMD Radeon RX 6600 Compute Engine,53147,
210,AMD Radeon Pro 5600XT Compute Engine,52917,
211,AMD Radeon Pro Vega 64 Compute Engine,52225,
212,ATI Radeon Vega Frontier Edition Compute Engine,52132,
213,AMD Radeon Pro W5700XT Compute Engine,51910,
214,NVIDIA GeForce GTX 1080 Ti,51835,
215,GeForce RTX 3050 Ti Laptop GPU,51780,
216,AMD Radeon Pro AMD RADEON RX 5700 XT Compute Engine,51559,
217,ATI Radeon RX Vega 64 Compute Engine,51447,
218,GeForce RTX 3050 Laptop GPU,50798,
219,NVIDIA GeForce RTX 3050 Laptop GPU,50689,
220,ATI Radeon Vega Compute Engine,50683,
221,AMD Radeon RX Vega 56 Compute Engine,50525,
222,Quadro P6000,50155,
223,AMD Radeon Pro Vega 56 Compute Engine,50079,
224,GeForce GTX 1080 Ti,50072,
225,AMD Radeon(TM) RX 6500 XT,50013,
226,NVIDIA TITAN Xp,49940,
227,AMD Radeon Pro Vega 48 Compute Engine,49863,
228,P102-100,49602,
229,AMD Radeon VII Compute Engine,49591,
230,ATI Radeon VII Compute Engine,49525,
231,Device 6863,49493,
232,AMD Radeon RX 590 Compute Engine,49304,
233,Ellesmere [Radeon RX 470/480/570/570X/580/580X/590],49236,
234,Intel(R) Xe Graphics,49205,
235,ATI Radeon RX Vega 56 Compute Engine,49112,
236,Radeon RX 590 Series,49102,
237,AMD Radeon RX 6500 XT,48977,
238,ATI Radeon Pro WX 9100 Compute Engine,48656,
239,AMD Radeon Pro 5700,48108,
240,ATI Radeon RX 5700 XT 50th Anniversary Compute Engine,47952,
241,NVIDIA GeForce RTX 3050 4GB Laptop GPU,47661,
242,ATI Radeon Pro Vega 48 Compute Engine,47418,
243,ATI Radeon Unknown Prototype Compute Engine,47143,
244,NVIDIA RTX A1000 Laptop GPU,46834,
245,AMD Radeon Pro V520 MxGPU,46770,
246,AMD Radeon RX 5600 XT Compute Engine,46524,
247,NVIDIA GeForce GTX 1080,46440,
248,Apple M2 Pro,46106,
249,ATI Radeon RX 5700 XT Compute Engine,45995,
250,Tesla P40,45926,
251,AMD Radeon Pro W5700 Compute Engine,45552,
252,AMD Radeon Pro 5700 Compute Engine,45391,
253,GeForce GTX 1080,45071,
254,Radeon RX 5500 XT,44858,
255,AMD Radeon Pro W5500,44783,
256,AMD Radeon RX590 GME,44491,
257,AMD Radeon Pro 5600 XT Compute Engine,44486,
258,P104-100,44280,
259,NVIDIA GeForce GTX 1650 Ti,44249,
260,ATI Radeon RX 590 Compute Engine,44246,
261,AMD Radeon RX 5700 Compute Engine,44242,
262,AMD Radeon Pro RX580 Compute Engine,44066,
263,AMD Radeon (TM) R9 390 Series,44012,
264,NVIDIA GeForce GTX 1070 Ti,43979,
265,Radeon RX 580 Series,43837,
266,Radeon Pro W5700X,43810,
267,AMD Radeon (TM) RX 580,43752,
268,NVIDIA T1200 Laptop GPU,43743,
269,GeForce GTX 1070 Ti,43169,
270,AMD FirePro W9100,43046,
271,GRID A100-1-5C MIG 1g.5gb,42750,
272,AMD Radeon (TM) RX 480 Graphics,42732,
273,NVIDIA Quadro P4000,42289,
274,Radeon(TM) RX 580,42224,
275,T1200 Laptop GPU,42064,
276,Radeon(TM) RX 580X,41822,
277,AMD Radeon(TM) Pro Duo,41810,
278,GeForce GTX 1650 Ti,41805,
279,AMD Radeon Pro 580X Compute Engine,41642,
280,Quadro T2000 with Max-Q Design,41219,
281,ATI Radeon HD Hawaii XT Prototype Compute Engine,41187,
282,AMD Radeon HD Hawaii PRO Prototype Compute Engine,41028,
283,Quadro T2000,40980,
284,NVIDIA Quadro P5000,40953,
285,NVIDIA GeForce GTX 1070,40933,
286,GeForce GTX 1650 Ti with Max-Q Design,40880,
287,AMD Radeon RX 6500M,40782,
288,Quadro P5000,40722,
289,AMD Radeon RX 580 Compute Engine,40699,
290,NVIDIA GeForce GTX 1650 Ti with Max-Q Design,40665,
291,ATI Radeon RX 5600 XT Compute Engine,40624,
292,Radeon Pro 580,40622,
293,ATI Radeon Pro 5500 XT Compute Engine,40620,
294,Quadro P4200 with Max-Q Design,40459,
295,AMD Radeon Navi10 Compute Engine,40385,
296,Radeon Pro 580X,40331,
297,ATI Radeon RX 580 Compute Engine,40224,
298,AMD Radeon Pro 580 Compute Engine,40178,
299,Radeon (TM) RX 480 Graphics,39990,
300,Navi 14 [Radeon RX 5500/5500M / Pro 5500M],39899,
301,AMD Radeon RX 5500,39793,
302,NVIDIA GeForce GTX 1650,39717,
303,NVIDIA GeForce RTX 2050,39692,
304,GeForce GTX 1650,39609,
305,Radeon RX 570,39547,
306,AMD Radeon RX RX 5600 XT Compute Engine,39545,
307,AMD Radeon Pro 5500 XT Compute Engine,39405,
308,Radeon Pro WX 7100,39367,
309,AMD RadeonT RX 5300,39363,
310,AMD Radeon Graphics,39309,
311,AMD Radeon Pro 5600M Compute Engine,39179,
312,ATI Radeon HD Hawaii PRO Prototype Compute Engine,39145,
313,GeForce GTX 1070,39075,
314,GeForce GTX TITAN X,39047,
315,AMD Radeon (TM) RX 570X,38939,
316,Apple M1 Pro,38924,
317,AMD Radeon Pro 5300,38915,
318,AMD Radeon Pro 5500XT Compute Engine,38896,
319,NVIDIA Quadro T2000,38863,
320,Radeon RX 5500M,38808,
321,AMD Radeon Pro Radeon RX 580 Compute Engine,38732,
322,GRID P4-8Q,38427,
323,AMD Radeon Pro W5500X Compute Engine,38110,
324,ATI Radeon HD Hawaii Unknown Prototype Compute Engine,38084,
325,ASUS Radeon RX 470 Series,37864,
326,Radeon (TM) RX 570,37824,
327,Radeon RX 570 Series,37625,
328,Radeon (TM) Pro WX 7100 Graphics,37512,
329,ATI Radeon RX 5700 Compute Engine,37443,
330,NVIDIA T1000 8GB,37225,
331,AMD RadeonPro 580X Compute Engine,37160,
332,NVIDIA T1000,37048,
333,AMD Radeon Pro 5500M,36953,
334,AMD Radeon RX 5500M Series,36948,
335,ATI Radeon RX 480 Compute Engine,36813,
336,NVIDIA T550 Laptop GPU,36730,
337,AMD Radeon (TM) E9550,36624,
338,Radeon (TM) RX 470 Graphics,36610,
339,AMD Radeon Pro 575 Compute Engine,36410,
340,AMD Radeon Pro 575X Compute Engine,36406,
341,AMD Radeon RX 580 2048SP,36383,
342,AMD Radeon RX 470 Compute Engine,36332,
343,NVIDIA T600 Laptop GPU,36271,
344,NVIDIA RTX A500 Laptop GPU,36217,
345,ATI Radeon Pro WX 7100 Compute Engine,35790,
346,ATI Radeon RX 570 Compute Engine,35784,
347,ATI Radeon Pro 580X Compute Engine,35767,
348,NVIDIA GeForce GTX 1650 with Max-Q Design,35581,
349,Quadro M6000 24GB,35572,
350,AMD Radeon R9 200 / HD 7900 Series,35457,
351,Intel(R) Arc(TM) A380 Graphics,35386,
352,NVIDIA GeForce MX550,35325,
353,AMD Radeon Pro WX8200 Compute Engine,35060,
354,ATI Radeon HD Fiji XT Prototype Compute Engine,34993,
355,GeForce GTX 1650 with Max-Q Design,34960,
356,Radeon (TM) RX 470 Series,34862,
357,ATI Radeon Pro 580 Compute Engine,34801,
358,AMD Radeon Pro 5300 Compute Engine,34717,
359,AMD FirePro W8100,34705,
360,AMD Radeon RX 570 Compute Engine,34701,
361,AMD Radeon HD 7970,34541,
362,ATI Radeon RX 470 Compute Engine,34251,
363,AMD Radeon RX 5500 XT Compute Engine,34189,
364,Tesla M40,34109,
365,AMD Radeon R9 200 Series,33876,
366,ATI Radeon HD Tahiti XT Prototype Compute Engine,33845,
367,NVIDIA GeForce GTX 980 Ti,33842,
368,AMD Radeon HD Tahiti XT Prototype Compute Engine,33664,
369,GeForce GTX 1060 5GB,33188,
370,AMD Radeon RX 480 Compute Engine,33134,
371,Radeon RX 470 Series,33076,
372,Quadro T1000 with Max-Q Design,33072,
373,Quadro T1000,33000,
374,NVIDIA Quadro T1000,32981,
375,NVIDIA Quadro P2200,32972,
376,NVIDIA GeForce GTX TITAN X,32838,
377,AMD Radeon(TM) RX 6400,32315,
378,NVIDIA P106-100,31786,
379,AMD Radeon Navi14 Compute Engine,31585,
380,ATI Radeon Pro 575 Compute Engine,31460,
381,ATI Radeon Pro 575X Compute Engine,31319,
382,Quadro P3200 with Max-Q Design,31276,
383,NVIDIA GeForce GTX 1060 6GB,31241,
384,Quadro P4000,31109,
385,AMD Radeon Pro 570X Compute Engine,30805,
386,AMD Radeon Pro 5500M Compute Engine,30684,
387,AMD FirePro S10000,30631,
388,GeForce GTX 1060 6GB,30456,
389,AMD Radeon Pro 570 Compute Engine,30422,
390,AMD Radeon RX 6400,30295,
391,Quadro M6000,30230,
392,ATI Radeon RX 5500 XT Compute Engine,30154,
393,NVIDIA T500,29951,
394,AMD Radeon Pro 5300M,29710,
395,AMD FirePro S7150,29623,
396,NVIDIA GeForce GTX 1060 3GB,29614,
397,NVIDIA GeForce MX450,29587,
398,AMD Radeon HD 7950 Compute Engine,29451,
399,T500,29203,
400,AMD Radeon HD 7900 Series,29108,
401,Radeon RX Vega M GH Graphics,28721,
402,ATI Radeon HD - FirePro D700 Compute Engine,28514,
403,ATI Radeon Pro WX 5100 Compute Engine,28072,
404,ATI Radeon Pro 5500M Compute Engine,28053,
405,GeForce GTX 1060 3GB,28052,
406,NVIDIA T600,28048,
407,AMD Radeon R9 M395X Compute Engine,27996,
408,AMD FirePro (TM) S9300 x2,27971,
409,NVIDIA GeForce GTX 980,27697,
410,NVIDIA GeForce GTX 1060,27587,
411,7360:41,27548,
412,ATI Radeon R9 M395X Compute Engine,27323,
413,ATI Radeon HD 7950 Compute Engine,27319,
414,AMD Radeon HD - FirePro D700 Compute Engine,27319,
415,AMD Radeon R9 M295X Compute Engine,27264,
416,T600,27240,
417,Tesla P4,27205,
418,GeForce GTX 1060,27153,
419,ATI Radeon HD Tonga XT Prototype Compute Engine,27082,
420,GeForce MX450,27001,
421,ATI Radeon Pro 570X Compute Engine,26899,
422,Quadro P2200,26898,
423,ATI Radeon R9 M295X Compute Engine,26881,
424,ATI Radeon Pro 570 Compute Engine,26781,
425,NVIDIA GeForce GTX 1060 with Max-Q Design,26707,
426,ATI Radeon Pro W5500X Compute Engine,26480,
427,Radeon RX 5500,26381,
428,AMD FirePro W7100 Graphics Adapter,26357,
429,NVIDIA GeForce GTX 780 Ti,26077,
430,Intel(R) Arc(TM) A370M Graphics,26007,
431,Apple M2,25981,
432,AMD FirePro W7100,25868,
433,Radeon Pro WX 5100,25596,
434,AMD Radeon HD Tahiti LE Prototype Compute Engine,25465,
435,AMD Radeon (TM) R9 380 Series,25459,
436,AMD Radeon Pro 5300M Compute Engine,25294,
437,NVIDIA GeForce GTX TITAN Black,25112,
438,ATI Radeon HD Tonga PRO Prototype Compute Engine,24867,
439,NVIDIA GeForce GTX 1630,24806,
440,AMD Radeon Pro Vega 20 Compute Engine,24792,
441,AMD Radeon (TM) R9 370 Series,24591,
442,NVIDIA GeForce GTX 970,24039,
443,Tesla M60,24009,
444,Radeon (TM) Pro WX 5100 Graphics,23996,
445,ATI Radeon Pro Vega 20 Compute Engine,23888,
446,AMD Radeon PRO Graphics,23852,
447,Quadro M5000,23848,
448,AMD Radeon R9 M395 Compute Engine,23790,
449,Intel(R) Arc(TM) A350M Graphics,23751,
450,AMD Radeon HD 7800 Series,23657,
451,ATI Radeon Pro 5300M Compute Engine,23509,
452,ATI Radeon Polaris Compute Engine,23363,
453,GeForce GTX 970,23311,
454,ATI Radeon HD Pitcairn PRO Prototype Compute Engine,23282,
455,ATI Radeon HD Ellesmere Prototype Compute Engine,23268,
456,AMD RADEON R9 M290X,23226,
457,GeForce GTX 1060 with Max-Q Design,23200,
458,ATI Radeon R9 M395 Compute Engine,23189,
459,AMD Radeon HD Pitcairn PRO Prototype Compute Engine,23186,
460,AMD Radeon (TM) RX 560X,23094,
461,AMD Radeon(TM) R9 370 Series,23041,
462,AMD Radeon HD Ellesmere Prototype Compute Engine,23027,
463,Quadro M5000M,22881,
464,Radeon(TM) RX580,22842,
465,NVIDIA GeForce GTX TITAN Z,22732,
466,ATI Radeon R9 M290X Compute Engine,22590,
467,AMD Radeon (TM) R7 370 Series,22431,
468,AMD Radeon R9 M290X Compute Engine,22386,
469,AMD Radeon(TM) R9 270,22331,
470,Intel(R) Iris(R) Xe MAX Graphics [0x4905],22236,
471,Intel(R) Graphics [0x4905],22230,
472,AMD Radeon (TM) R7 370 Series Graphics,22217,
473,NVIDIA Quadro P2000,21880,
474,ATI Radeon HD Pitcairn Unknown Prototype Compute Engine,21796,
475,AMD RADEON R9 M290,21696,
476,AMD Radeon (TM) R9 200 Series,21622,
477,ATI Radeon HD Pitcairn XT Prototype Compute Engine,21531,
478,AMD RADEON R9 M395,21460,
479,AMD Radeon (TM) R9 370,21285,
480,NVIDIA GeForce GTX 980M,21133,
481,AMD Radeon HD - FirePro D300 Compute Engine,21050,
482,NVIDIA GeForce GTX 780,20924,
483,RX 560X,20889,
484,Radeon(TM) Pro WX 4170 Graphics,20842,
485,ATI Radeon HD Baffin Unknown Prototype Compute Engine,20764,
486,Quadro P2000,20755,
487,ATI Radeon HD - FirePro D300 Compute Engine,20706,
488,ASUS R7 265 Series,20651,
489,GeForce GTX 780,20576,
490,ATI Radeon Pro Vega 16 Compute Engine,20539,
491,ATI Radeon HD - FirePro D500 Compute Engine,20371,
492,Radeon RX Vega M GL Graphics,20318,
493,Radeon RX 560X Series,20279,
494,AMD Radeon HD - FirePro D500 Compute Engine,20218,
495,ATI Radeon R9 M290 Compute Engine,20068,
496,AMD Radeon HD Baffin Prototype Compute Engine,19937,
497,ATI Radeon RX 560 Compute Engine,19923,
498,Radeon RX 560 Series,19917,
499,AMD Radeon R9 M290 Compute Engine,19907,
500,AMD Radeon (TM) RX 560,19810,
501,GeForce GTX 980M,19777,
502,NVIDIA GeForce GTX 1050 Ti,19714,
503,AMD Radeon Pro WX 5100 Compute Engine,19651,
504,67EF:C0,19535,
505,AMD Radeon RX 560 Compute Engine,19483,
506,AMD Radeon R9 M390 Compute Engine,19398,
507,ATI Radeon R9 M390 Compute Engine,19360,
508,ATI Radeon Pro WX 4100 Compute Engine,19327,
509,AMD FirePro D300,19273,
510,Radeon (TM) RX 560,19252,
511,AMD Radeon HD Ellesmere Unknown Prototype Compute Engine,19171,
512,Radeon (TM) RX 460,19043,
513,GeForce GTX 1050 Ti,18987,
514,AMD Radeon HD Amethyst XT Prototype Compute Engine,18907,
515,Apple M1,18884,
516,Radeon RX 560,18780,
517,Radeon RX 560X,18757,
518,GeForce GTX TITAN Black,18641,
519,AMD Radeon Pro 560X Compute Engine,18566,
520,Radeon(TM) RX 460,18503,
521,Radeon (TM) RX 560X,18492,
522,Radeon(TM) RX 460 Graphics,18446,
523,NVIDIA Quadro M4000,18372,
524,ATI Radeon RX 460 Compute Engine,18308,
525,GeForce GTX TITAN Z,18305,
526,Tesla K80,18070,
527,GeForce GTX 680,18054,
528,NVIDIA GeForce GTX 1050 Ti with Max-Q Design,17992,
529,GeForce GTX 770,17948,
530,AMD Radeon RX 460 Compute Engine,17791,
531,Radeon Pro 560X,17696,
532,AMD Radeon(TM) RX 560,17682,
533,GeForce GTX TITAN,17643,
534,AMD Radeon(TM) R7 360 Series,17603,
535,NVIDIA Tesla K40c,17468,
536,Quadro P2000 with Max-Q Design,17467,
537,AMD FirePro D500 (FireGL V),17331,
538,Radeon Pro WX Vega M GL Graphics,17282,
539,NVIDIA T400 4GB,17234,
540,NVIDIA GeForce GTX 960,17075,
541,AMD FirePro D300 (FireGL V),17072,
542,NVIDIA T400,17031,
543,AMD Radeon Pro 560 Compute Engine,16983,
544,AMD Radeon(TM) RX 560 Series,16897,
545,GeForce GTX 960,16880,
546,AMD Radeon Pro 460 Compute Engine,16778,
547,NVIDIA GeForce GTX 770,16679,
548,NVIDIA GeForce GTX 970M,16667,
549,NVIDIA GeForce GTX 1050,16539,
550,ATI Radeon Pro 560X Compute Engine,16485,
551,NVIDIA Quadro M2200,16429,
552,Quadro K5200,16385,
553,Radeon(TM) RX 560 Graphics,16270,
554,GeForce GTX 970M,16261,
555,T400,16255,
556,GeForce GTX 1050,16092,
557,GeForce GTX 580,15971,
558,Intel(R) Gen12 Desktop Graphics Controller,15964,
559,NVIDIA GeForce GTX 680,15934,
560,AMD Radeon(TM) Graphics,15748,
561,Radeon Pro 560,15711,
562,NVIDIA GeForce GTX 950,15600,
563,NVIDIA GeForce GTX 690,15429,
564,Quadro M4000,15333,
565,ATI Radeon Pro 460 Compute Engine,15199,
566,AMD Radeon Polaris Compute Engine,15168,
567,AMD 15D8:DA,15119,
568,GeForce GTX 660 Ti,15059,
569,Quadro M3000M,15056,
570,NVIDIA GeForce GTX 880M,15023,
571,AMD Radeon (TM) RX 460 Graphics,14923,
572,AMD Radeon Pro WX 3200 Series,14873,
573,AMD Radeon (TM) R9 360,14815,
574,AMD Radeon(TM) RX Vega 11 Graphics,14782,
575,ATI Radeon Pro 560 Compute Engine,14709,
576,NVIDIA GeForce GTX 670,14708,
577,AMD Radeon (TM) Pro WX 3200 Series,14637,
578,ATI Radeon R9 M380 Compute Engine,14617,
579,AMD Radeon R9 M380 Compute Engine,14556,
580,AMD Radeon (TM) R9 M380,14552,
581,Tesla K20Xm,14541,
582,AMD FirePro M6100 FireGL V,14496,
583,AMD Radeon HD Emerald XT Prototype Compute Engine,14424,
584,NVIDIA GeForce GTX 660 Ti,14405,
585,Intel(R) Graphics [0x9a49],14403,
586,AMD Radeon (TM) R7 360 Series,14358,
587,AMD Radeon R9 360,14269,
588,AMD Radeon HD 7770 GHz Edition,14263,
589,AMD Radeon HD Baffin Unknown Prototype Compute Engine,14159,
590,GeForce GTX 760 Ti OEM,14104,
591,Radeon (TM) Pro WX 4150 Graphics,14094,
592,Tesla K10,14029,
593,AMD Radeon RX 550 Compute Engine,14012,
594,Radeon RX 550 Series,14002,
595,ATI Radeon RX 550 Compute Engine,13952,
596,Intel(R) Graphics [0x46a6],13939,
597,AMD Radeon Pro 555X Compute Engine,13887,
598,Quadro P1000,13801,
599,GeForce GTX 760,13800,
600,GeForce GTX 1050 Ti with Max-Q Design,13693,
601,NVIDIA GeForce GTX 1050 with Max-Q Design,13617,
602,AMD 15D8:D8,13598,
603,GeForce GTX 780M,13571,
604,ATI Radeon HD Verde XT Prototype Compute Engine,13536,
605,AMD 15D8:C8,13313,
606,AMD Radeon RX550 series,13177,
607,AMD Radeon Pro 555 Compute Engine,13164,
608,AMD Radeon HD Bonaire Unknown Prototype Compute Engine,13020,
609,NVIDIA GeForce MX350,12976,
610,Quadro M2000,12971,
611,AMD Radeon HD 7700 Series,12969,
612,AMD 15D8:CA,12963,
613,AMD Radeon Pro 455 Compute Engine,12953,
614,NVIDIA GeForce GTX 760,12941,
615,AMD Radeon (TM) Graphics,12785,
616,NVIDIA Quadro P620,12475,
617,GeForce MX350,12432,
618,Radeon 550 Series,12413,
619,AMD FirePro W5000,12387,
620,ATI Radeon Pro 555X Compute Engine,12360,
621,Intel(R) Gen12LP HD Graphics NEO,12321,
622,AMD Radeon(TM) Vega 11 Graphics,12200,
623,GeForce GTX 775M,12167,
624,Intel(R) Iris(R) Xe Graphics,12163,
625,ATI Radeon Pro 555 Compute Engine,12044,
626,NVIDIA Quadro K2200,12020,
627,GeForce GTX 590,11950,
628,GeForce GTX 680MX,11902,
629,AMD FirePro W5000 (FireGL V) Graphics Adapter,11900,
630,ATI Radeon Pro 455 Compute Engine,11888,
631,AMD Radeon(TM) RX Vega 8 Graphics,11842,
632,Radeon RX550/550 Series,11786,
633,NVIDIA Quadro K4200,11745,
634,Tesla M2090,11728,
635,Tesla K10.G2.8GB,11722,
636,AMD MxGPU,11673,
637,AMD Radeon Pro WX 3100,11628,
638,AMD Radeon R7 Series / HD 9000 Series,11610,
639,Radeon Pro 555X,11596,
640,NVIDIA GeForce GTX 750 Ti,11514,
641,Apple A12Z,11391,
642,GeForce GTX 560 Ti,11376,
643,Quadro K4200,11369,
644,Quadro M2200,11349,
645,RadeonT 540X,11219,
646,NVIDIA Quadro P600,11181,
647,NVIDIA GeForce GTX 660,11178,
648,GeForce GTX 750 Ti,11155,
649,AMD Radeon R9 M275X,11041,
650,GeForce GTX 660,10990,
651,Unknown AMD GPU,10943,
652,AMD 15D8:D9,10898,
653,Radeon 550X Series,10870,
654,GRID K520,10864,
655,Quadro P620,10853,
656,GeForce GTX 960M,10757,
657,Intel(R) Iris(R) Xe Graphics [0x9a49],10738,
658,AMD Radeon R7 450,10702,
659,Quadro K5000,10679,
660,NVIDIA GeForce GTX 960M,10655,
661,NVIDIA Quadro M1200,10582,
662,Quadro K2200,10568,
663,GeForce GTX 690,10541,
664,AMD Radeon (TM) R9 350,10504,
665,GeForce GTX 950A,10489,
666,AMD Radeon Pro 450 Compute Engine,10427,
667,AMD 15D8:DB,10395,
668,NVIDIA GeForce GTX 860M,10389,
669,AMD Radeon(TM) 540,10366,
670,ATI Radeon R9 M370X Compute Engine,10272,
671,AMD Radeon(TM) R9 M375,10271,
672,AMD Radeon 550X,10242,
673,AMD Radeon Pro WX 2100 Graphics,10201,
674,AMD Radeon (TM) R9 M360,10101,
675,GeForce GTX 860M,10097,
676,Quadro P600,10070,
677,AMD Radeon R9 M370X Compute Engine,10014,
678,NVIDIA GeForce GT 1030,9950,
679,GeForce MX150,9906,
680,Tesla C2075,9885,
681,GeForce GT 1030,9862,
682,AMD Radeon HD 8800M Series,9852,
683,Radeon(TM) 540 Graphics,9783,
684,AMD Radeon HD 7800M Series,9761,
685,AMD Radeon (TM) R9 M375X,9759,
686,ATI Radeon Pro 450 Compute Engine,9754,
687,Quadro M1200,9738,
688,AMD Radeon R7 200 Series,9716,
689,Tesla C2070,9716,
690,Intel(R) Iris(R) Pro Graphics P580,9690,
691,AMD Radeon (TM) 630,9651,
692,NVIDIA GeForce GTX 750,9601,
693,AMD Radeon(TM) Vega 10 Mobile Graphics,9499,
694,NVIDIA GeForce MX150,9442,
695,NVIDIA GeForce GTX 850M,9438,
696,AMD FirePro M6000 Mobility Pro Graphics,9420,
697,GeForce GTX 850M,9388,
698,AMD 15D8:CB,9362,
699,AMD Radeon(TM) RX Vega 10 Graphics,9323,
700,AMD FirePro M5100,9305,
701,Intel(R) Graphics Gen12LP [0x9a49],9252,
702,Radeon(TM) 540X,9234,
703,NVIDIA GeForce GTX 950M,9211,
704,Intel(R) Iris(TM) Pro Graphics P580,9182,
705,Quadro M2000M,9135,
706,AMD Radeon 540X Series,9084,
707,GeForce GTX 950M,9069,
708,AMD Radeon HD 8870M,9065,
709,AMD FirePro M5100 FireGL V,9045,
710,AMD Radeon R9 M265X,9044,
711,GeForce GTX 650 Ti BOOST,9036,
712,AMD Radeon(TM) Vega 8 Graphics,8995,
713,Quadro 6000,8990,
714,GeForce GTX 560,8958,
715,AMD Radeon(TM) R7 250,8916,
716,AMD Radeon(TM) Vega 10 Graphics,8875,
717,NVIDIA GeForce MX330,8856,
718,NVIDIA Quadro M1000M,8849,
719,Mali-G715-Immortalis MC11 r1p2,8820,
720,NVIDIA GeForce MX250,8781,
721,AMD FirePro W5170M,8775,
722,Radeon RX 540 Series,8717,
723,Intel(R) Iris(R) Pro Graphics 580,8583,
724,ATI Radeon HD Verde PRO Prototype Compute Engine,8464,
725,GeForce GTX 680M,8385,
726,Samsung Xclipse 920,8381,
727,GeForce MX250,8288,
728,GRID K2,8287,
729,AMD Radeon(TM) 540X,8254,
730,Quadro P520,8254,
731,GeForce GTX 460,8170,
732,NVIDIA Quadro M2000M,8148,
733,Intel(R) RaptorLake-S Mobile Graphics Controller,8125,
734,GeForce 945M,8099,
735,AMD Radeon HD 8850M,8067,
736,Quadro M620,7973,
737,Intel(R) Gen12 Mobile Graphics Controller,7958,
738,GeForce GTX 460 v2,7872,
739,Radeon 540,7820,
740,AMD Radeon(TM) R7 200 Series Graphics,7799,
741,GeForce GTX 650 Ti,7788,
742,AMD Radeon HD Verde Unknown Prototype Compute Engine,7752,
743,NVIDIA GeForce GTX 650 Ti,7713,
744,Intel(R) Iris(R) Plus Graphics,7685,
745,Intel(R) Iris(R) Plus Graphics 655,7632,
746,Radeon (TM) Pro WX 4130 Graphics,7588,
747,Intel(R) UHD Graphics 770,7577,
748,AMD Radeon (TM) R7 M370,7504,
749,AMD Radeon HD 8700M Series,7496,
750,Intel(R) Iris(TM) Pro Graphics 580,7470,
751,Quadro M1000M,7456,
752,AMD Radeon(TM) Vega 8 Mobile Graphics,7448,
753,Quadro K3100M,7365,
754,Radeon(TM) R7 M465,7339,
755,AMD Radeon HD Chelsea PRO Prototype Compute Engine,7269,
756,Intel(R) UHD Graphics 750,7216,
757,AMD Radeon(TM) 540 Graphics,7196,
758,AMD Radeon HD 8790M,7060,
759,AMD Radeon R5 435,7050,
760,AMD Radeon R7 Graphics + R7 200 Dual Graphics,6922,
761,AMD Radeon(TM) Vega 6 Graphics,6921,
762,Quadro M520,6889,
763,AMD Radeon HD 8570,6887,
764,Radeon 520 Series,6870,
765,NVIDIA Quadro K620,6869,
766,AMD Radeon HD 5800 Series,6856,
767,NVIDIA Quadro K4000,6816,
768,AMD Radeon R7 M270,6810,
769,AMD Radeon HD Venus LE Prototype Compute Engine,6801,
770,AMD Radeon HD 7730M,6787,
771,Radeon (TM) 535,6758,
772,GeForce MX230,6756,
773,Intel(R) Iris(TM) Plus Graphics 655,6751,
774,AMD Radeon R7 M265 Series,6738,
775,GeForce MX130,6713,
776,NVIDIA GeForce MX230,6701,
777,Radeon 535 Series,6698,
778,Intel(R) Iris(R) Plus Graphics 640,6676,
779,Renoir,6666,
780,Intel(R) Iris(TM) Plus Graphics 650,6553,
781,Quadro K620,6518,
782,Intel(R) Iris(TM) Plus Graphics 645,6516,
783,AMD Radeon R5 430,6512,
784,AMD Radeon HD 8750M,6508,
785,AMD Radeon R5 M435,6493,
786,AMD FirePro W4100 (FireGL V) Graphics Adapter,6465,
787,AMD Radeon R7 Graphics,6450,
788,Quadro K4000,6443,
789,AMD FirePro W4100 Graphics Adapter,6434,
790,AMD FirePro M4170,6347,
791,GeForce GTX 745,6300,
792,Intel(R) UHD Graphics P630 [0x3e96],6248,
793,AMD Radeon R7 M365X,6237,
794,AMD Radeon HD 8730M,6236,
795,GeForce GTX 560 SE,6235,
796,Intel(R) Iris(TM) Graphics 550,6198,
797,NVIDIA GeForce GPU,6198,
798,NVIDIA GeForce MX130,6194,
799,AMD Radeon R7 430,6168,
800,AMD Radeon R5 Graphics,6134,
801,GeForce 845M,6112,
802,GeForce 940MX,6101,
803,NVIDIA GeForce 940M,6095,
804,Intel(R) Iris(TM) Graphics 650,6046,
805,NVIDIA GeForce 940MX,6041,
806,Radeon (TM) 530,6027,
807,AMD Radeon R7 M260X,5979,
808,Intel(R) UHD Graphics 730,5968,
809,Quadro M500M,5929,
810,Radeon (TM) R7 M445,5920,
811,Radeon 530 Series,5905,
812,AMD Radeon HD 8690M,5887,
813,Mali-G78 r0p1,5885,
814,AMD Radeon R5 M445 Series,5875,
815,AMD Radeon (TM) HD 8500M/8700M,5860,
816,GeForce GTX 580M,5837,
817,Radeon (TM) 520,5828,
818,Intel(R) Iris(TM) Plus Graphics 640,5821,
819,NVIDIA GeForce GTX 745,5811,
820,AMD Radeon R7 A360,5809,
821,GeForce GTX 550 Ti,5807,
822,Intel(R) Gen9 HD Graphics NEO,5784,
823,AMD Radeon R7 M260 Series,5767,
824,GeForce GTX 675M,5752,
825,Intel(R) UHD Graphics,5701,
826,Intel(R) Iris(TM) Graphics 540,5698,
827,AMD Radeon(TM) R5 340X,5690,
828,NVIDIA GeForce 840M,5669,
829,GeForce GTX880M,5622,
830,Intel(R) HD Graphics Gen9,5603,
831,AMD Radeon R8 M365DX,5601,
832,Radeon (TM) R7 M440,5598,
833,GeForce 840A,5596,
834,AMD Radeon R7 M265,5587,
835,QUALCOMM Adreno(TM),5580,
836,Quadro P400,5554,
837,AMD Radeon (TM) HD 8670M,5532,
838,Mali-G710 MC10 r0p0,5532,
839,AMD FirePro W4170M (FireGL V),5507,
840,Intel(R) Iris(R) Graphics 540,5498,
841,AMD Radeon (TM) R5 340,5498,
842,AMD Radeon (TM) 520,5463,
843,AMD Radeon R5 M330,5430,
844,NVIDIA GeForce 930MX,5425,
845,AMD FirePro (TM) W4190M,5401,
846,AMD Radeon R7 M340,5396,
847,Radeon (TM) HD 8670M,5396,
848,AMD Radeon R5 M230 Series,5344,
849,GeForce 930A,5317,
850,AMD Radeon (TM) 535DX,5277,
851,AMD Radeon(TM) R7 M440,5276,
852,GeForce 840M,5246,
853,Intel(R) Graphics [0x9b41],5242,
854,NVIDIA GeForce GTX 645,5217,
855,AMD Radeon HD 8500 series,5216,
856,AMD Radeon(TM) R7 Graphics,5196,
857,Intel(R) HD Graphics P630,5190,
858,AMD Radeon(TM) R8 M445DX,5183,
859,AMD Radeon (TM) R5 M320,5175,
860,NVIDIA GeForce 930M,5136,
861,Intel(R) Iris(TM) Plus Graphics,5123,
862,Radeon 620 Series,5117,
863,Quadro K5000M,5107,
864,AMD Radeon (TM) 530,5099,
865,AMD Firepro M4100,5067,
866,AMD FirePro M4150,5063,
867,GeForce GT 755M,5033,
868,Radeon 530,5015,
869,AMD Radeon(TM) 530,5008,
870,Intel(R) Graphics [0x5917],4994,
871,AMD Radeon HD 6870,4950,
872,AMD Radeon (TM) R5 M330,4918,
873,AMD Radeon R5 M335,4912,
874,Intel(R) Iris(TM) Pro Graphics 5200,4910,
875,ATI FirePro V7800 (FireGL) Graphics Adapter,4894,
876,Intel(R) Graphics Gen9 [0x5916],4884,
877,AMD Radeon (TM) R7 Graphics,4845,
878,AMD Radeon(TM) R7 M360,4810,
879,AMD Radeon (TM) R7 M260,4721,
880,GeForce GTS 450,4699,
881,Intel(R) UHD Graphics 630,4698,
882,Intel(R) Iris(TM) Pro Graphics 6200,4688,
883,Intel(R) Graphics [0x3ea0],4685,
884,AMD Radeon HD 8570M,4646,
885,Iris Pro,4641,
886,AMD Radeon(TM) R5 M330,4639,
887,Intel(R) LakeField Mobile Graphics Controller,4636,
888,AMD Radeon R8 M535DX,4620,
889,Intel(R) UHD Graphics 620,4593,
890,AMD Radeon HD 6800 Series,4567,
891,AMD Radeon R5 M230,4565,
892,Intel(R) HD Graphics 630,4506,
893,AMD Radeon (TM) R7 M360,4473,
894,AMD Radeon(TM) Vega 3 Mobile Graphics,4468,
895,GeForce 830M,4413,
896,Intel(R) HD Graphics 530,4406,
897,NVIDIA GeForce GTX 650,4406,
898,Intel(R) Iris(TM) Graphics 5100,4373,
899,AMD Radeon HD 8500M,4370,
900,NVIDIA GeForce MX110,4357,
901,Mali-G77 MC9 r0p1,4348,
902,Radeon(TM) Vega 3 Graphics,4342,
903,Mali-G77 r0p1,4315,
904,NVIDIA GeForce 830A,4315,
905,GeForce GT 750M,4308,
906,AMD FirePro W2100 Graphics Adapter,4303,
907,NVIDIA GeForce GT 740,4244,
908,GeForce GTX 650,4222,
909,AMD Radeon(TM) Vega 3 Graphics,4174,
910,Radeon (TM) R5 M420,4143,
911,Intel(R) HD Graphics 620,4084,
912,NVIDIA Quadro K2000,4071,
913,Quadro K2100M,4069,
914,GeForce MX110,4061,
915,Intel(R) HD Graphics 520,4058,
916,KBL Graphics,4048,
917,GeForce 920MX,4045,
918,NVIDIA GeForce 920MX,4045,
919,GeForce GT 650M,4032,
920,GeForce GTX 645,4002,
921,AMD Radeon HD 6850 X2,3977,
922,AMD Radeon R6 Graphics,3966,
923,AMD Radeon (TM) R5 M315,3930,
924,Quadro 2000,3870,
925,Quadro K2000,3819,
926,Iris,3798,
927,GeForce GT 740M,3769,
928,AMD Radeon HD 5700 Series,3749,
929,Mali-G76 r0p0,3722,
930,AMD Radeon R5 M240,3721,
931,AMD Radeon HD 6700 Series,3716,
932,Mali-G610 MC6 r0p0,3696,
933,GeForce GTX 660M,3650,
934,NVIDIA GeForce GT 640,3646,
935,Intel(R) UHD Graphics 710,3614,
936,GeForce 920M,3595,
937,AMD Radeon R5 M315,3573,
938,GeForce GT 735M,3550,
939,Intel(R) UHD Graphics 615,3491,
940,GeForce GTX 460M,3483,
941,NVIDIA GeForce GT 730,3462,
942,NVIDIA GeForce GT 730M,3437,
943,Intel(R) HD Graphics 5000,3396,
944,Intel(R) UHD Graphics 617,3300,
945,Mali-G610 r0p0,3282,
946,Intel HD Graphics Family,3278,
947,Intel(R) Gen8 HD Graphics NEO,3277,
948,Intel(R) HD Graphics 4600,3265,
949,Quadro 2000D,3236,
950,HD Graphics 5000,3216,
951,AMD Radeon(TM) Vega 2 Graphics,3208,
952,GeForce GT 640M,3135,
953,AMD Radeon(TM) R5 Graphics,3122,
954,GeForce 730A,3088,
955,Intel(R) Iris(TM) Graphics 6100,3031,
956,Quadro K1100M,2979,
957,GeForce GT 730,2965,
958,AMD Radeon R6,2934,
959,Quadro 3000M,2894,
960,Intel(R) HD Graphics 615,2892,
961,AMD FirePro V5900 (FireGL V) Graphics Adapter,2880,
962,Intel(R) HD Graphics 5600,2872,
963,Intel(R) HD Graphics 515,2785,
964,ATI FirePro V5800 (FireGL) Graphics Adapter,2740,
965,AMD Mobility Radeon HD 5800 Series,2716,
966,AMD Radeon(TM) R4 Graphics,2711,
967,GeForce 820A,2708,
968,Intel(R) UHD Graphics 610,2673,
969,Intel(R) HD Graphics Gen11,2643,
970,GeForce 710A,2638,
971,GeForce GT 555M,2629,
972,GeForce 910M,2629,
973,NVS 5400M,2578,
974,Intel(R) HD Graphics 510,2508,
975,AMD Radeon HD 6800M Series,2490,
976,GeForce GT 630M,2469,
977,GeForce 710M,2463,
978,GeForce 820M,2438,
979,GeForce GT 720M,2425,
980,Intel(R) HD Graphics 610,2393,
981,GeForce GT 630,2348,
982,AMD Radeon (TM) R5 Graphics,2316,
983,Mali-G68 MC4 r1p1,2307,
984,Mali-G68 r1p1,2302,
985,GeForce GT 430,2271,
986,GeForce GT 625M,2229,
987,Intel(R) HD Graphics 5500,2211,
988,GeForce GT 710M,2103,
989,Mali-G57 r0p0,2071,
990,Intel(R) HD Graphics 4400,2068,
991,AMD Radeon R5,2058,
992,GeForce GT 540M,1998,
993,GeForce GT625M,1994,
994,GRID K1,1976,
995,Mali-G76 MC4 r0p0,1960,
996,Mali-G57 MC4 r0p0,1925,
997,NVIDIA GeForce GT 710,1887,
998,GeForce GT 710,1871,
999,Quadro K610M,1833,
1000,GeForce 810A,1828,
1001,AMD Radeon HD 6670,1796,
1002,Quadro K420,1752,
1003,Quadro K600,1750,
1004,AMD Radeon HD 8650G,1735,
1005,AMD Radeon Series,1681,
1006,Intel(R) HD Graphics 405,1667,
1007,GeForce 810M,1644,
1008,GeForce GT 435M,1634,
1009,Mali-G57 MC3 r0p0,1633,
1010,GeForce GT 720,1608,
1011,NVS 510,1595,
1012,Intel(R) HD Graphics 5300,1591,
1013,Mali-G76,1574,
1014,Mali-G72,1561,
1015,GeForce GT 820M,1508,
1016,AMD FirePro M5950,1505,
1017,AMD Radeon HD 7600 Series,1497,
1018,Intel(R) UHD Graphics 605,1494,
1019,AMD Radeon(TM) HD 8610G,1490,
1020,Mali-G71,1464,
1021,Quadro 410,1446,
1022,AMD Radeon HD 7570M/HD 7670M Graphics,1416,
1023,Mali-G72 r0p1,1388,
1024,AMD Radeon HD 6550D,1384,
1025,AMD Radeon(TM) R3 Graphics,1363,
1026,GeForce GT 625 (OEM),1345,
1027,AMD Radeon(TM) HD 8510G,1335,
1028,ATI Radeon Barts XT Prototype,1333,
1029,GeForce 800M,1303,
1030,ATI Radeon HD 6970M,1275,
1031,AMD Radeon HD 6600A Series,1274,
1032,ATI Radeon HD 5570,1267,
1033,Intel(R) HD Graphics,1265,
1034,Mali-G57 MC2 r0p1,1265,
1035,GeForce GT 610,1264,
1036,AMD Radeon(TM) HD 7650A Graphics,1261,
1037,AMD Radeon HD 6500 Series,1256,
1038,AMD Radeon HD 7640G,1255,
1039,AMD Radeon HD 7690M,1242,
1040,AMD Radeon HD 7620G,1232,
1041,AMD Radeon(TM) HD 8330E,1214,
1042,Mali-G72 r0p3,1212,
1043,AMD Radeon(TM) HD 8280E,1210,
1044,Intel(R) HD Graphics 505,1204,
1045,Mali-G72 MP3 r0p3,1202,
1046,GeForce 615,1162,
1047,NVS 4200M,1155,
1048,Mali-G52,1153,
1049,AMD Radeon HD 8200 / R3 Series,1137,
1050,Intel(R) HD Graphics 400,1113,
1051,AMD Radeon HD 7600G,1086,
1052,GeForce 610M,1086,
1053,AMD Radeon HD 5500 Series,1085,
1054,Intel(R) UHD Graphics 600,1083,
1055,Mali-G57 r0p1,1083,
1056,AMD Radeon HD 8250,1075,
1057,AMD Radeon HD 7540D,1073,
1058,Intel(R) HD Graphics P4000,1071,
1059,AMD Mobility Radeon HD 5570,1070,
1060,AMD Radeon HD 7650M,1043,
1061,ATI Radeon HD 5770,1042,
1062,GeForce GT 625,1026,
1063,Mali-T880,1003,
1064,AMD Radeon HD 8450G,984,
1065,Mali-G52 MC2 r1p0,979,
1066,AMD Radeon HD 8240,978,
1067,AMD Radeon HD 7520G,966,
1068,Intel(R) HD Graphics 530 [0x1912],962,
1069,Mali-G52 MC2,932,
1070,AMD Radeon(TM) HD 8490,897,
1071,Mali-G52 r1p0,893,
1072,AMD Radeon HD 8490,869,
1073,AMD Radeon HD 6620G,863,
1074,NVS 315,851,
1075,Mali-G71 r0p0,837,
1076,AMD Radeon HD 7500G,824,
1077,Intel(R) UHD Graphics 600 [0x3185],822,
1078,AMD Radeon HD 8470,785,
1079,AMD Radeon HD 8210,784,
1080,GeForce 605,764,
1081,Intel(R) HD Graphics 500,760,
1082,GeForce 510,758,
1083,GeForce GT 415M,751,
1084,Mali-T760,751,
1085,Mali-G71 MP2 r0p0,724,
1086,AMD Radeon HD 7420G,675,
1087,AMD Radeon(TM) HD 7450A Graphics,668,
1088,AMD Radeon HD 6450,653,
1089,ASUS R5 230 Series,641,
1090,AMD Radeon HD 7450 Graphics,633,
1091,AMD Radeon(TM) HD 7450,625,
1092,AMD Radeon HD 7400G,592,
1093,AMD Radeon(TM) HD 6480G,568,
1094,Intel(R) HD Graphics 4000,542,
1095,HD Graphics 4000,538,
1096,Mali-G52 MC1,531,
1097,Mali-G52 r0p0,529,
1098,Mali-G72 MP3,514,
1099,AMD Radeon HD 7450M,476,
1100,AMD Radeon HD 6300M Series,456,
1101,Mali-G51,447,
1102,AMD Radeon HD 6380G,426,
1103,Mali-T860,422,
1104,Mali-T628,399,
1105,AMD Radeon HD 6320 Graphics,354,
1106,AMD Radeon HD 7310 Graphics,312,
1107,Intel(R) HD Graphics 2500,253,
1108,Mali-T830,246,
1109,AMD Radeon HD 6290 Graphics,220,
1110,Microsoft Basic Render Driver,5,
